{"PV": {"20": {"step": [5000.0, 10000.0, 15000.0, 20000.0, 25000.0, 30000.0, 35000.0, 40000.0, 45000.0, 50000.0, 55000.0, 60000.0, 65000.0, 70000.0, 75000.0, 80000.0, 85000.0, 90000.0, 95000.0, 100000.0, 105000.0, 110000.0, 115000.0, 120000.0, 125000.0], "episode_reward": [34.27904388946049, 8.912194879735743, 464.5790664232991, 272.38455107181073, 867.8992906755923, 533.0753157492938, 961.3315438777029, 887.754871039145, 920.1858235964479, 863.1242615256658, 922.346850998938, 948.9576752132722, 921.4669748190529, 955.6085286574942, 934.831453897939, 973.0288778908309, 950.3537356219983, 949.9747229408874, 939.6714738801718, 954.9638863935519, 938.4706626772224, 958.6021985587113, 947.842601795106, 957.6046714477385, 950.5895988162125], "episode": [20.0, 40.0, 60.0, 80.0, 100.0, 120.0, 140.0, 160.0, 180.0, 200.0, 220.0, 240.0, 260.0, 280.0, 300.0, 320.0, 340.0, 360.0, 380.0, 400.0, 420.0, 440.0, 460.0, 480.0, 500.0]}, "10": {"step": [5000.0, 10000.0, 15000.0, 20000.0, 25000.0, 30000.0, 35000.0, 40000.0, 45000.0, 50000.0, 55000.0, 60000.0, 65000.0, 70000.0, 75000.0, 80000.0, 85000.0, 90000.0, 95000.0, 100000.0, 105000.0, 110000.0, 115000.0, 120000.0, 125000.0], "episode_reward": [115.36035742265418, 35.62026447244598, 25.866550134528143, 87.76760066573567, 263.58058742250836, 558.5376404346772, 77.53767575642757, 787.2813500214143, 390.2433771301118, 556.0303417866846, 889.4598695755274, 866.2849138509761, 898.0871305160557, 913.1108230621758, 938.159891285373, 926.3271311487202, 912.2250355236508, 946.6269177775066, 945.2778614444684, 931.9558552045158, 927.8412582384033, 928.330845748444, 955.9556276206991, 962.1993951522688, 956.827862744573], "episode": [20.0, 40.0, 60.0, 80.0, 100.0, 120.0, 140.0, 160.0, 180.0, 200.0, 220.0, 240.0, 260.0, 280.0, 300.0, 320.0, 340.0, 360.0, 380.0, 400.0, 420.0, 440.0, 460.0, 480.0, 500.0]}, "30": {"step": [5000.0, 10000.0, 15000.0, 20000.0, 25000.0, 30000.0, 35000.0, 40000.0, 45000.0, 50000.0, 55000.0, 60000.0, 65000.0, 70000.0, 75000.0, 80000.0, 85000.0, 90000.0, 95000.0, 100000.0, 105000.0, 110000.0, 115000.0, 120000.0, 125000.0], "episode_reward": [34.26734878776101, 169.70570349342057, 247.89867720282754, 389.1530814670054, 334.0090785141268, 512.0775744200846, 697.0550867325087, 847.5303372742216, 904.1732321723518, 906.1973590048452, 933.6265231412766, 885.9125843133681, 918.3237864839864, 952.8862007307071, 945.0235057451486, 944.1744252825067, 941.9117666477647, 931.2631470282446, 916.5524198428599, 927.1332072174282, 956.8429471240155, 919.3363462434287, 930.6180378036186, 897.2956217281201, 962.7401937031962], "episode": [20.0, 40.0, 60.0, 80.0, 100.0, 120.0, 140.0, 160.0, 180.0, 200.0, 220.0, 240.0, 260.0, 280.0, 300.0, 320.0, 340.0, 360.0, 380.0, 400.0, 420.0, 440.0, 460.0, 480.0, 500.0]}}, "P": {"30": {"step": [5000.0, 10000.0, 15000.0, 20000.0, 25000.0, 30000.0, 35000.0, 40000.0, 45000.0, 50000.0, 55000.0, 60000.0, 65000.0, 70000.0, 75000.0, 80000.0, 85000.0, 90000.0, 95000.0, 100000.0, 105000.0, 110000.0, 115000.0, 120000.0, 125000.0], "episode_reward": [34.20554491557233, 107.14767229692806, 73.63413008663068, 83.01428891469757, 249.21089587371185, 149.1881991071367, 270.8966198053518, 422.32791036863694, 596.5117811424755, 520.2283279745945, 636.0126759667942, 330.241848349368, 490.0366802391307, 658.7371719332152, 468.3874354248681, 611.2844915133339, 433.24216343765266, 433.591172019764, 347.54573690454765, 425.1524392744103, 441.5443371364252, 305.0279496302177, 442.8198142266764, 461.9876906634413, 601.1845081985641], "episode": [20.0, 40.0, 60.0, 80.0, 100.0, 120.0, 140.0, 160.0, 180.0, 200.0, 220.0, 240.0, 260.0, 280.0, 300.0, 320.0, 340.0, 360.0, 380.0, 400.0, 420.0, 440.0, 460.0, 480.0, 500.0]}, "10": {"step": [5000.0, 10000.0, 15000.0, 20000.0, 25000.0, 30000.0, 35000.0, 40000.0, 45000.0, 50000.0, 55000.0, 60000.0, 65000.0, 70000.0, 75000.0, 80000.0, 85000.0, 90000.0, 95000.0, 100000.0, 105000.0, 110000.0, 115000.0, 120000.0, 125000.0], "episode_reward": [37.52943249193145, 26.49034617102287, 68.66912159377748, 117.21021263865232, 329.62111763242666, 328.04057750532485, 345.16786088804986, 319.1757816946997, 355.34584066915363, 328.18107807352857, 352.6698596457054, 667.4261299256265, 896.7800279177327, 734.608522469157, 862.8786111794595, 927.1092059490045, 909.5188817451617, 901.6729613612258, 883.4334110993925, 893.3603209131859, 863.0745369853923, 918.7868437035568, 927.7203419279136, 951.2271720954507, 895.9959400570178], "episode": [20.0, 40.0, 60.0, 80.0, 100.0, 120.0, 140.0, 160.0, 180.0, 200.0, 220.0, 240.0, 260.0, 280.0, 300.0, 320.0, 340.0, 360.0, 380.0, 400.0, 420.0, 440.0, 460.0, 480.0, 500.0]}, "20": {"step": [5000.0, 10000.0, 15000.0, 20000.0, 25000.0, 30000.0, 35000.0, 40000.0, 45000.0, 50000.0, 55000.0, 60000.0, 65000.0, 70000.0, 75000.0, 80000.0, 85000.0, 90000.0, 95000.0, 100000.0, 105000.0, 110000.0, 115000.0, 120000.0, 125000.0], "episode_reward": [23.129516074437465, 27.140441057291433, 49.05165358849693, 58.52830024285019, 72.90586228536124, 79.88065764530242, 165.45919178409645, 173.04869652861126, 196.41074027485527, 293.2074156319009, 322.28097529306723, 278.6505014689779, 292.10935082022763, 280.4643337909812, 301.5855316244015, 330.24027095449844, 345.91966883247176, 334.8864691339387, 308.9353815404731, 377.2629740807805, 769.0597916218685, 866.2229647852979, 936.9662301008015, 909.8077030883196, 924.2118631725505], "episode": [20.0, 40.0, 60.0, 80.0, 100.0, 120.0, 140.0, 160.0, 180.0, 200.0, 220.0, 240.0, 260.0, 280.0, 300.0, 320.0, 340.0, 360.0, 380.0, 400.0, 420.0, 440.0, 460.0, 480.0, 500.0]}}, "V": {"30": {"step": [5000.0, 10000.0, 15000.0, 20000.0, 25000.0, 30000.0, 35000.0, 40000.0, 45000.0, 50000.0, 55000.0, 60000.0, 65000.0, 70000.0, 75000.0, 80000.0, 85000.0, 90000.0, 95000.0, 100000.0, 105000.0, 110000.0, 115000.0, 120000.0, 125000.0], "episode_reward": [96.89547257718594, 114.17766804005494, 39.91605839502346, 108.46638829949593, 210.2455279423575, 135.56145309450403, 188.78947652168523, 37.487159141835846, 29.96700753921171, 24.5381860923315, 34.28846556308423, 27.765566402747208, 36.575173357641674, 24.29339770954819, 23.99944629221176, 21.26663991483715, 18.056433033777928, 21.757423371458337, 19.952716140060843, 15.043838673197836, 18.098123480847097, 15.144477654823362, 99.14253497229123, 113.66087430271087, 563.4627179104208], "episode": [20.0, 40.0, 60.0, 80.0, 100.0, 120.0, 140.0, 160.0, 180.0, 200.0, 220.0, 240.0, 260.0, 280.0, 300.0, 320.0, 340.0, 360.0, 380.0, 400.0, 420.0, 440.0, 460.0, 480.0, 500.0]}, "10": {"step": [5000.0, 10000.0, 15000.0, 20000.0, 25000.0, 30000.0, 35000.0, 40000.0, 45000.0, 50000.0, 55000.0, 60000.0, 65000.0, 70000.0, 75000.0, 80000.0, 85000.0, 90000.0, 95000.0, 100000.0, 105000.0, 110000.0, 115000.0, 120000.0, 125000.0], "episode_reward": [121.0553571369197, 99.7690431980432, 96.29887729248073, 51.44439354392559, 117.08470190143498, 53.30847149365769, 19.475268958440996, 237.45773529350845, 17.63497540917182, 50.919771515988, 44.533991917997646, 57.34001614626229, 203.52023701272282, 62.92676464008083, 50.69908011756794, 96.57265305497846, 63.990258313143066, 85.84576692696702, 77.08752685021678, 126.62938642875137, 149.9307786272819, 128.02503125847886, 182.29730506171907, 385.39605246028964, 250.3348087123831], "episode": [20.0, 40.0, 60.0, 80.0, 100.0, 120.0, 140.0, 160.0, 180.0, 200.0, 220.0, 240.0, 260.0, 280.0, 300.0, 320.0, 340.0, 360.0, 380.0, 400.0, 420.0, 440.0, 460.0, 480.0, 500.0]}, "20": {"step": [5000.0, 10000.0, 15000.0, 20000.0, 25000.0, 30000.0, 35000.0, 40000.0, 45000.0, 50000.0, 55000.0, 60000.0, 65000.0, 70000.0, 75000.0, 80000.0, 85000.0, 90000.0, 95000.0, 100000.0, 105000.0, 110000.0, 115000.0, 120000.0, 125000.0],