{"20": {"step": [10000.0, 20000.0, 30000.0, 40000.0, 50000.0, 60000.0, 70000.0, 80000.0, 90000.0, 100000.0, 110000.0, 120000.0, 130000.0, 140000.0, 150000.0, 160000.0, 170000.0, 180000.0, 190000.0, 200000.0, 210000.0, 220000.0, 230000.0, 240000.0, 250000.0], "episode_reward": [0.07949027341494676, 0.00010598812423492365, 0.0, 0.9888321284679875, 0.0, 1.1993316961845073, 2.3491785223528434, 0.6348725810601524, 0.0, 0.11316706613642909, 5.997998437481389e-05, 1.8168110857160258, 0.0, 2.368216751051223, 0.04233411546917566, 0.059161886108010577, 0.0, 0.0, 2.049179569620959, 0.23686377652514373, 0.29715875687127064, 0.0, 1.1724318927229624, 0.7561709432343326, 0.0004432659974282882], "episode": [20.0, 40.0, 60.0, 80.0, 100.0, 120.0, 140.0, 160.0, 180.0, 200.0, 220.0, 240.0, 260.0, 280.0, 300.0, 320.0, 340.0, 360.0, 380.0, 400.0, 420.0, 440.0, 460.0, 480.0, 500.0]}, "30": {"step": [10000.0, 20000.0, 30000.0, 40000.0, 50000.0, 60000.0, 70000.0, 80000.0, 90000.0, 100000.0, 110000.0, 120000.0, 130000.0, 140000.0, 150000.0, 160000.0, 170000.0, 180000.0, 190000.0, 200000.0, 210000.0, 220000.0, 230000.0, 240000.0, 250000.0], "episode_reward": [0.14541453371682778, 0.00020275939051773718, 0.26264561615558357, 0.592918110533041, 0.4552077656691533, 0.018798930795633682, 0.009875755748395786, 0.006351906256360196, 0.00030494243929317654, 0.46922717325450647, 1.4744711053391992, 0.0006885778719413315, 0.8495709489767791, 0.0, 0.0, 0.8887469524949392, 0.015618371283680554, 0.0006353048529944228, 0.06282465325367936, 1.2566720335068948, 1.8127351951385253, 2.7074521450480353, 0.6018733023532017, 1.0844951940694252, 0.001297221193190068], "episode": [20.0, 40.0, 60.0, 80.0, 100.0, 120.0, 140.0, 160.0, 180.0, 200.0, 220.0, 240.0, 260.0, 280.0, 300.0, 320.0, 340.0, 360.0, 380.0, 400.0, 420.0, 440.0, 460.0, 480.0, 500.0]}, "10": {"step": [10000.0, 20000.0, 30000.0, 40000.0, 50000.0, 60000.0, 70000.0, 80000.0, 90000.0, 100000.0, 110000.0, 120000.0, 130000.0, 140000.0, 150000.0, 160000.0, 170000.0, 180000.0, 190000.0, 200000.0, 210000.0, 220000.0, 230000.0, 240000.0, 250000.0], "episode_reward": [0.07760533378199772, 0.024110041932092808, 0.005586010326449353, 2.0889578123291956, 1.0083319572963092, 0.9866143746782768, 0.0017375036327409443, 1.5994488097679744, 1.4589982653282818, 0.3453077264838897, 0.21972239059999485, 2.3923126733104083, 1.1867395424837484, 0.7328100785733801, 2.0651377175107122e-05, 1.2255378984505154, 0.0023622786019100507, 2.2651511143200507, 0.8432563622891056, 1.0398784403109613, 12.78188314073719, 0.24000832442761463, 1.8602810793491744, 0.3342762777031436, 1.2701215381151003], "episode": [20.0, 40.0, 60.0, 80.0, 100.0, 120.0, 140.0, 160.0, 180.0, 200.0, 220.0, 240.0, 260.0, 280.0, 300.0, 320.0, 340.0, 360.0, 380.0, 400.0, 420.0, 440.0, 460.0, 480.0, 500.0]}}