{"10": {"step": [10000.0, 20000.0, 30000.0, 40000.0, 50000.0, 60000.0, 70000.0, 80000.0, 90000.0, 100000.0, 110000.0, 120000.0, 130000.0, 140000.0, 150000.0, 160000.0, 170000.0, 180000.0, 190000.0, 200000.0, 210000.0, 220000.0, 230000.0, 240000.0, 250000.0], "episode_reward": [0.5878500229673337, 0.0, 0.001659469200582786, 1.733728199131973, 1.8640686595691462, 10.214933649603614, 13.146617661862384, 28.492042192732935, 100.87336052099344, 111.78926246647328, 112.88329983764909, 91.53361612807305, 88.15693872276276, 62.86373391780195, 52.24943712042136, 211.30908854479398, 229.0778089275913, 163.20386368614498, 236.94489525541084, 220.1424591776135, 240.05684669373414, 284.6239387933025, 298.24714536374665, 317.859492345243, 348.90109802804716], "episode": [20.0, 40.0, 60.0, 80.0, 100.0, 120.0, 140.0, 160.0, 180.0, 200.0, 220.0, 240.0, 260.0, 280.0, 300.0, 320.0, 340.0, 360.0, 380.0, 400.0, 420.0, 440.0, 460.0, 480.0, 500.0]}, "20": {"step": [10000.0, 20000.0, 30000.0, 40000.0, 50000.0, 60000.0, 70000.0, 80000.0, 90000.0, 100000.0, 110000.0, 120000.0, 130000.0, 140000.0, 150000.0, 160000.0, 170000.0, 180000.0, 190000.0, 200000.0, 210000.0, 220000.0, 230000.0, 240000.0, 250000.0], "episode_reward": [0.14573706969811948, 1.3828069559376701, 1.1497223045351537, 0.8325299043985771, 0.0, 1.1988396513210524, 3.8573526581928768, 7.132813031209844, 34.15995572614475, 27.234995839889216, 53.56231122344677, 73.29457395793818, 53.606421751417564, 105.14807199965507, 61.21942869111234, 91.01265349840298, 100.89966319417023, 72.72199215578651, 151.93276657251118, 145.17114055975128, 196.2440623911675, 219.23688256746996, 282.6035597508809, 308.0600207415199, 390.31978718243204], "episode": [20.0, 40.0, 60.0, 80.0, 100.0, 120.0, 140.0, 160.0, 180.0, 200.0, 220.0, 240.0, 260.0, 280.0, 300.0, 320.0, 340.0, 360.0, 380.0, 400.0, 420.0, 440.0, 460.0, 480.0, 500.0]}, "30": {"step": [10000.0, 20000.0, 30000.0, 40000.0, 50000.0, 60000.0, 70000.0, 80000.0, 90000.0, 100000.0, 110000.0, 120000.0, 130000.0, 140000.0, 150000.0, 160000.0, 170000.0, 180000.0, 190000.0, 200000.0, 210000.0, 220000.0, 230000.0, 240000.0, 250000.0], "episode_reward": [0.003377426329891786, 0.004279032664889959, 0.0, 6.242516153985062, 5.5848265681146535e-05, 33.448112815697776, 83.22248339077014, 73.26838504337424, 88.07993990083972, 142.88272940370322, 224.8910853907452, 229.09275492998586, 256.6192910913238, 256.32901461878043, 267.4815384987478, 260.386171413088, 256.94665782024697, 423.99724257818195, 402.34848637966684, 508.7745348193167, 503.13796310825336, 466.46471758749124, 517.2886444203059, 475.0057760253218, 522.5227178485451], "episode": [20.0, 40.0, 60.0, 80.0, 100.0, 120.0, 140.0, 160.0, 180.0, 200.0, 220.0, 240.0, 260.0, 280.0, 300.0, 320.0, 340.0, 360.0, 380.0, 400.0, 420.0, 440.0, 460.0, 480.0, 500.0]}}