{"30": {"step": [10000.0, 20000.0, 30000.0, 40000.0, 50000.0, 60000.0, 70000.0, 80000.0, 90000.0, 100000.0, 110000.0, 120000.0, 130000.0, 140000.0, 150000.0, 160000.0, 170000.0, 180000.0, 190000.0, 200000.0, 210000.0, 220000.0, 230000.0, 240000.0, 250000.0], "episode_reward": [0.03169891655128252, 2.928719659318015, 29.49674023937567, 98.38290365949597, 165.6380210343385, 229.231132901609, 277.7838092619792, 298.92162527785763, 345.15977946306117, 312.9373527132815, 353.4918132145402, 353.04235274604804, 330.26360814552197, 348.363112980281, 349.1031852172285, 367.7766312226282, 323.0334295638612, 363.2078433674534, 359.1692007305053, 361.5560055282313, 367.0813031301549, 319.50213159153026, 328.7028597159952, 377.6568780238492, 375.8093059040953], "episode": [20.0, 40.0, 60.0, 80.0, 100.0, 120.0, 140.0, 160.0, 180.0, 200.0, 220.0, 240.0, 260.0, 280.0, 300.0, 320.0, 340.0, 360.0, 380.0, 400.0, 420.0, 440.0, 460.0, 480.0, 500.0]}, "10": {"step": [10000.0, 20000.0, 30000.0, 40000.0, 50000.0, 60000.0, 70000.0, 80000.0, 90000.0, 100000.0, 110000.0, 120000.0, 130000.0, 140000.0, 150000.0, 160000.0, 170000.0, 180000.0, 190000.0, 200000.0, 210000.0, 220000.0, 230000.0, 240000.0, 250000.0], "episode_reward": [0.2556181769817725, 3.6043612972972996, 0.3782256158585448, 7.062387034369143, 3.047150631834569, 42.95478805483431, 10.874269288767302, 91.02209873312297, 173.35784003134614, 157.91676833597035, 244.45222045496433, 256.1969411236954, 285.6269070765794, 340.10376119269273, 310.6585470645474, 410.89763905820564, 419.16116530791317, 443.81342139953114, 411.7241220663317, 434.3898176965769, 465.44577207894883, 465.6673513500215, 334.67106378900905, 444.97949998828216, 386.8019924179923], "episode": [20.0, 40.0, 60.0, 80.0, 100.0, 120.0, 140.0, 160.0, 180.0, 200.0, 220.0, 240.0, 260.0, 280.0, 300.0, 320.0, 340.0, 360.0, 380.0, 400.0, 420.0, 440.0, 460.0, 480.0, 500.0]}, "20": {"step": [10000.0, 20000.0, 30000.0, 40000.0, 50000.0, 60000.0, 70000.0, 80000.0, 90000.0, 100000.0, 110000.0, 120000.0, 130000.0, 140000.0, 150000.0, 160000.0, 170000.0, 180000.0, 190000.0, 200000.0, 210000.0, 220000.0, 230000.0, 240000.0, 250000.0], "episode_reward": [0.013463103199931159, 35.10695904298733, 58.50559226438944, 110.33671901106007, 21.183188830430726, 75.55830572038155, 81.94630941415834, 155.48306069598468, 62.97679796287646, 263.11253292074866, 286.96627703680775, 274.6780379464433, 298.7448396179276, 277.7232503271131, 298.4628540958659, 310.6255881998211, 306.9159960853773, 254.15064324102386, 318.68329109710123, 292.4681346065579, 324.52303989028275, 292.0814254356845, 331.7472073355646, 291.4586963935444, 334.6011872474949], "episode": [20.0, 40.0, 60.0, 80.0, 100.0, 120.0, 140.0, 160.0, 180.0, 200.0, 220.0, 240.0, 260.0, 280.0, 300.0, 320.0, 340.0, 360.0, 380.0, 400.0, 420.0, 440.0, 460.0, 480.0, 500.0]}}