{"20": {"step": [10000.0, 20000.0, 30000.0, 40000.0, 50000.0, 60000.0, 70000.0, 80000.0, 90000.0, 100000.0, 110000.0, 120000.0, 130000.0, 140000.0, 150000.0, 160000.0, 170000.0, 180000.0, 190000.0, 200000.0, 210000.0, 220000.0, 230000.0, 240000.0, 250000.0], "episode_reward": [0.043469744788374357, 0.2931620410817336, 3.5067909112895813e-06, 0.38612963827215807, 0.00027828277036435757, 0.09785003973019032, 0.17663942307920097, 0.0507863079601291, 0.0, 0.3878376661354998, 0.0, 0.6431291542793699, 0.0, 1.1385533744321101, 0.026280277460304823, 0.013229753681074197, 0.004209943334771727, 0.0, 1.4189607689659036, 0.24203771305782543, 0.24822890442502846, 0.0, 0.7779879724538903, 0.789975396667937, 0.0], "episode": [20.0, 40.0, 60.0, 80.0, 100.0, 120.0, 140.0, 160.0, 180.0, 200.0, 220.0, 240.0, 260.0, 280.0, 300.0, 320.0, 340.0, 360.0, 380.0, 400.0, 420.0, 440.0, 460.0, 480.0, 500.0]}, "10": {"step": [10000.0, 20000.0, 30000.0, 40000.0, 50000.0, 60000.0, 70000.0, 80000.0, 90000.0, 100000.0, 110000.0, 120000.0, 130000.0, 140000.0, 150000.0, 160000.0, 170000.0, 180000.0, 190000.0, 200000.0, 210000.0, 220000.0, 230000.0, 240000.0, 250000.0], "episode_reward": [0.00038418625987189924, 1.6796411491542336, 0.000734873573817374, 0.6578990339304911, 0.9524508094853573, 1.2007898450835968, 0.00042105553763234217, 1.080535767464418, 0.15682734611837298, 0.2040395146834662, 0.4627905400090084, 1.5922599892995364, 0.2182020486730026, 0.5332018641102052, 0.6790028009758828, 0.7587361384847875, 0.0, 1.7912029390546507, 0.5275246720451985, 1.1084645782649842, 2.2362449093677785, 0.24771744976481785, 0.6686700282026534, 0.6202635716013756, 1.2692822881984263], "episode": [20.0, 40.0, 60.0, 80.0, 100.0, 120.0, 140.0, 160.0, 180.0, 200.0, 220.0, 240.0, 260.0, 280.0, 300.0, 320.0, 340.0, 360.0, 380.0, 400.0, 420.0, 440.0, 460.0, 480.0, 500.0]}, "30": {"step": [10000.0, 20000.0, 30000.0, 40000.0, 50000.0, 60000.0, 70000.0, 80000.0, 90000.0, 100000.0, 110000.0, 120000.0, 130000.0, 140000.0, 150000.0, 160000.0, 170000.0, 180000.0, 190000.0, 200000.0, 210000.0, 220000.0, 230000.0, 240000.0, 250000.0], "episode_reward": [0.09319626006459235, 0.03023729301204623, 0.0, 0.643203047623838, 1.2584368015816998, 0.6735738417814371, 0.23160003786342526, 1.0894892293388891, 0.0, 0.020744848956156303, 0.20990163686197755, 0.022577477639117126, 0.8596179960315439, 0.0, 0.0, 1.150333676741963, 0.0013315222501957824, 0.0024355779545659818, 0.013523558417503901, 2.1176723265221353, 1.681243093475537, 1.8118256446159797, 2.0138243839717718, 0.015348627920183521, 0.0], "episode": [20.0, 40.0, 60.0, 80.0, 100.0, 120.0, 140.0, 160.0, 180.0, 200.0, 220.0, 240.0, 260.0, 280.0, 300.0, 320.0, 340.0, 360.0, 380.0, 400.0, 420.0, 440.0, 460.0, 480.0, 500.0]}}