{"PV": {"10": {"step": [5000.0, 10000.0, 15000.0, 20000.0, 25000.0, 30000.0, 35000.0, 40000.0, 45000.0, 50000.0, 55000.0, 60000.0, 65000.0, 70000.0, 75000.0, 80000.0, 85000.0, 90000.0, 95000.0, 100000.0, 105000.0, 110000.0, 115000.0, 120000.0, 125000.0], "episode_reward": [32.64072788752924, 348.2674997268546, 411.62041192935095, 448.51373499526807, 632.1633528515449, 622.7302622286229, 419.4815487536771, 634.9218847838499, 825.1355607120422, 671.951688048641, 828.4154955143449, 790.6213654697355, 759.8570107404446, 857.5044304753941, 878.2201518663926, 775.6866048755596, 873.49205751866, 702.1847930557615, 717.0735245627236, 859.4233360894519, 891.1695513083785, 720.6492279612169, 844.8166862743665, 730.8272428320175, 886.2563152129194], "episode": [20.0, 40.0, 60.0, 80.0, 100.0, 120.0, 140.0, 160.0, 180.0, 200.0, 220.0, 240.0, 260.0, 280.0, 300.0, 320.0, 340.0, 360.0, 380.0, 400.0, 420.0, 440.0, 460.0, 480.0, 500.0]}, "20": {"step": [5000.0, 10000.0, 15000.0, 20000.0, 25000.0, 30000.0, 35000.0, 40000.0, 45000.0, 50000.0, 55000.0, 60000.0, 65000.0, 70000.0, 75000.0, 80000.0, 85000.0, 90000.0, 95000.0, 100000.0, 105000.0, 110000.0, 115000.0, 120000.0, 125000.0], "episode_reward": [106.26902585128605, 495.3416747698626, 594.0858277859522, 594.5752673406105, 633.4765644897408, 637.6229891097944, 751.4494737667736, 730.3101915590923, 720.810678055927, 682.404429317851, 783.3197840230897, 719.3613176523829, 709.3290342079406, 601.8919316954705, 690.8031705229172, 805.6353231819385, 820.7663683371251, 851.9244561711641, 875.2302881247226, 848.2781890765342, 802.9689903866968, 884.185856701058, 884.0771673010946, 843.3024932025716, 848.2345053188504], "episode": [20.0, 40.0, 60.0, 80.0, 100.0, 120.0, 140.0, 160.0, 180.0, 200.0, 220.0, 240.0, 260.0, 280.0, 300.0, 320.0, 340.0, 360.0, 380.0, 400.0, 420.0, 440.0, 460.0, 480.0, 500.0]}, "30": {"step": [5000.0, 10000.0, 15000.0, 20000.0, 25000.0, 30000.0, 35000.0, 40000.0, 45000.0, 50000.0, 55000.0, 60000.0, 65000.0, 70000.0, 75000.0, 80000.0, 85000.0, 90000.0, 95000.0, 100000.0, 105000.0, 110000.0, 115000.0, 120000.0, 125000.0], "episode_reward": [109.67734196406593, 479.11704718391576, 500.45103673490667, 459.21105251797223, 582.829158793516, 626.6216157042593, 546.6175799173103, 715.5999328611924, 635.8872325002703, 747.8868094049941, 734.6275222561804, 754.0990706838162, 740.561793866331, 831.1490595087864, 844.4750875098305, 860.8881612196672, 875.8804361155146, 822.1305221937686, 877.0120642438673, 854.2609711948091, 791.9285052112378, 874.5464578449028, 765.070792176233, 790.9515179343609, 878.5891895443223], "episode": [20.0, 40.0, 60.0, 80.0, 100.0, 120.0, 140.0, 160.0, 180.0, 200.0, 220.0, 240.0, 260.0, 280.0, 300.0, 320.0, 340.0, 360.0, 380.0, 400.0, 420.0, 440.0, 460.0, 480.0, 500.0]}}, "P": {"10": {"step": [5000.0, 10000.0, 15000.0, 20000.0, 25000.0, 30000.0, 35000.0, 40000.0, 45000.0, 50000.0, 55000.0, 60000.0, 65000.0, 70000.0, 75000.0, 80000.0, 85000.0, 90000.0, 95000.0, 100000.0, 105000.0, 110000.0, 115000.0, 120000.0, 125000.0], "episode_reward": [58.18229156081351, 187.03860392674403, 316.44553447591085, 364.59489628350644, 392.4457846579434, 404.80801600691336, 327.5197160006979, 339.5809837309395, 253.36455583593929, 424.12612389229827, 324.7241317247648, 272.3135927956795, 515.4516106340736, 488.4752934563061, 523.0713608845896, 392.6091165996355, 354.4703555210229, 488.9538134841796, 488.12465296302815, 485.6721251389639, 427.661721201242, 494.1857477940108, 546.1048712977206, 399.72895216778124, 504.42920708940903], "episode": [20.0, 40.0, 60.0, 80.0, 100.0, 120.0, 140.0, 160.0, 180.0, 200.0, 220.0, 240.0, 260.0, 280.0, 300.0, 320.0, 340.0, 360.0, 380.0, 400.0, 420.0, 440.0, 460.0, 480.0, 500.0]}, "30": {"step": [5000.0, 10000.0, 15000.0, 20000.0, 25000.0, 30000.0, 35000.0, 40000.0, 45000.0, 50000.0, 55000.0, 60000.0, 65000.0, 70000.0, 75000.0, 80000.0, 85000.0, 90000.0, 95000.0, 100000.0, 105000.0, 110000.0, 115000.0, 120000.0, 125000.0], "episode_reward": [20.76694811486434, 216.70167282056704, 327.0290901926716, 393.8602289920778, 429.2253715023436, 386.0979336648068, 473.4445141424767, 427.31978631810244, 453.5999357118243, 386.50639820047155, 335.9248462484471, 417.35647238680457, 382.9751813741296, 473.3506585053004, 333.76568971893175, 468.45777809421554, 512.3271750875963, 444.79425034609966, 472.9551750888778, 488.78334546616, 394.56573740060855, 406.9766297805585, 448.49414260147097, 472.9612315254831, 522.6125003822042], "episode": [20.0, 40.0, 60.0, 80.0, 100.0, 120.0, 140.0, 160.0, 180.0, 200.0, 220.0, 240.0, 260.0, 280.0, 300.0, 320.0, 340.0, 360.0, 380.0, 400.0, 420.0, 440.0, 460.0, 480.0, 500.0]}, "20": {"step": [5000.0, 10000.0, 15000.0, 20000.0, 25000.0, 30000.0, 35000.0, 40000.0, 45000.0, 50000.0, 55000.0, 60000.0, 65000.0, 70000.0, 75000.0, 80000.0, 85000.0, 90000.0, 95000.0, 100000.0, 105000.0, 110000.0, 115000.0, 120000.0, 125000.0], "episode_reward": [43.976528234651234, 213.4097666702622, 276.5849006084597, 351.94467978378805, 395.1048719899501, 338.72795282156807, 468.89708955286426, 479.21355124170685, 480.7805906684499, 481.35752707891425, 521.60939498223, 535.0261108083107, 534.3502966018475, 540.313353555089, 500.8708739862506, 498.77663075361744, 544.5552520232056, 345.5041216585161, 352.8835824792682, 461.0308242864323, 440.22871993350674, 438.83743455856194, 492.5641885853882, 485.07812850186826, 377.4203488857323], "episode": [20.0, 40.0, 60.0, 80.0, 100.0, 120.0, 140.0, 160.0, 180.0, 200.0, 220.0, 240.0, 260.0, 280.0, 300.0, 320.0, 340.0, 360.0, 380.0, 400.0, 420.0, 440.0, 460.0, 480.0, 500.0]}}, "V": {"10": {"step": [5000.0, 10000.0, 15000.0, 20000.0, 25000.0, 30000.0, 35000.0, 40000.0, 45000.0, 50000.0, 55000.0, 60000.0, 65000.0, 70000.0, 75000.0, 80000.0, 85000.0, 90000.0, 95000.0, 100000.0, 105000.0, 110000.0, 115000.0, 120000.0, 125000.0], "episode_reward": [15.597433356939808, 421.26143628598794, 459.35344122765264, 151.9977129645391, 626.5859912971357, 458.93825957699136, 684.3878127279957, 311.69385640108106, 746.2711700009438, 650.3756804831953, 350.55860744464246, 734.8917392576047, 751.4840829783291, 504.0555922925125, 774.2497170155038, 757.6406211674184, 651.1556382172813, 695.8370098284333, 699.9646586807891, 551.7721712529805, 657.288042007547, 692.396821574214, 681.2259674737633, 588.5000974083445, 765.5692766540432], "episode": [20.0, 40.0, 60.0, 80.0, 100.0, 120.0, 140.0, 160.0, 180.0, 200.0, 220.0, 240.0, 260.0, 280.0, 300.0, 320.0, 340.0, 360.0, 380.0, 400.0, 420.0, 440.0, 460.0, 480.0, 500.0]}, "20": {"step": [5000.0, 10000.0, 15000.0, 20000.0, 25000.0, 30000.0, 35000.0, 40000.0, 45000.0, 50000.0, 55000.0, 60000.0, 65000.0, 70000.0, 75000.0, 80000.0, 85000.0, 90000.0, 95000.0, 100000.0, 105000.0, 110000.0, 115000.0, 120000.0, 125000.0], "episode_reward": [92.85670243182915, 427.7327053961723, 466.35306946944337, 531.0537231998733, 603.09267443394, 452.5620774344093, 586.598514863799, 601.2606621466816, 286.7201425672297, 500.85783915319234, 656.4916325115086, 594.1424043699204, 593.3278296017428, 608.2744468012736, 654.5928839828854, 399.2564358811192, 556.337605627811, 739.5432939768228, 785.1655875391872, 754.6672643694395, 773.9175153318727, 706.1591169258522, 697.3050014005646, 767.3105320213149, 687.112166937553], "episode": [20.0, 40.0, 60.0, 80.0, 100.0, 120.0, 140.0, 160.0, 180.0, 200.0, 220.0, 240.0, 260.0, 280.0, 300.0, 320.0, 340.0, 360.0, 380.0, 400.0, 420.0, 440.0, 460.0, 480.0, 500.0]}, "30": {"step": [5000.0, 10000.0, 15000.0, 20000.0, 25000.0, 30000.0, 35000.0, 40000.0, 45000.0, 50000.0, 55000.0, 60000.0, 65000.0, 70000.0, 75000.0, 80000.0, 85000.0, 90000.0, 95000.0, 100000.0, 105000.0, 110000.0, 115000.0, 120000.0, 125000.0],