{"PV": {"30": {"step": [10000.0, 20000.0, 30000.0, 40000.0, 50000.0, 60000.0, 70000.0, 80000.0, 90000.0, 100000.0, 110000.0, 120000.0, 130000.0, 140000.0, 150000.0, 160000.0, 170000.0, 180000.0, 190000.0, 200000.0, 210000.0, 220000.0, 230000.0, 240000.0, 250000.0], "episode_reward": [0.03169891655128252, 2.928719659318015, 29.49674023937567, 98.38290365949597, 165.6380210343385, 229.231132901609, 277.7838092619792, 298.92162527785763, 345.15977946306117, 312.9373527132815, 353.4918132145402, 353.04235274604804, 330.26360814552197, 348.363112980281, 349.1031852172285, 367.7766312226282, 323.0334295638612, 363.2078433674534, 359.1692007305053, 361.5560055282313, 367.0813031301549, 319.50213159153026, 328.7028597159952, 377.6568780238492, 375.8093059040953], "episode": [20.0, 40.0, 60.0, 80.0, 100.0, 120.0, 140.0, 160.0, 180.0, 200.0, 220.0, 240.0, 260.0, 280.0, 300.0, 320.0, 340.0, 360.0, 380.0, 400.0, 420.0, 440.0, 460.0, 480.0, 500.0]}, "10": {"step": [10000.0, 20000.0, 30000.0, 40000.0, 50000.0, 60000.0, 70000.0, 80000.0, 90000.0, 100000.0, 110000.0, 120000.0, 130000.0, 140000.0, 150000.0, 160000.0, 170000.0, 180000.0, 190000.0, 200000.0, 210000.0, 220000.0, 230000.0, 240000.0, 250000.0], "episode_reward": [0.2556181769817725, 3.6043612972972996, 0.3782256158585448, 7.062387034369143, 3.047150631834569, 42.95478805483431, 10.874269288767302, 91.02209873312297, 173.35784003134614, 157.91676833597035, 244.45222045496433, 256.1969411236954, 285.6269070765794, 340.10376119269273, 310.6585470645474, 410.89763905820564, 419.16116530791317, 443.81342139953114, 411.7241220663317, 434.3898176965769, 465.44577207894883, 465.6673513500215, 334.67106378900905, 444.97949998828216, 386.8019924179923], "episode": [20.0, 40.0, 60.0, 80.0, 100.0, 120.0, 140.0, 160.0, 180.0, 200.0, 220.0, 240.0, 260.0, 280.0, 300.0, 320.0, 340.0, 360.0, 380.0, 400.0, 420.0, 440.0, 460.0, 480.0, 500.0]}, "20": {"step": [10000.0, 20000.0, 30000.0, 40000.0, 50000.0, 60000.0, 70000.0, 80000.0, 90000.0, 100000.0, 110000.0, 120000.0, 130000.0, 140000.0, 150000.0, 160000.0, 170000.0, 180000.0, 190000.0, 200000.0, 210000.0, 220000.0, 230000.0, 240000.0, 250000.0], "episode_reward": [0.013463103199931159, 35.10695904298733, 58.50559226438944, 110.33671901106007, 21.183188830430726, 75.55830572038155, 81.94630941415834, 155.48306069598468, 62.97679796287646, 263.11253292074866, 286.96627703680775, 274.6780379464433, 298.7448396179276, 277.7232503271131, 298.4628540958659, 310.6255881998211, 306.9159960853773, 254.15064324102386, 318.68329109710123, 292.4681346065579, 324.52303989028275, 292.0814254356845, 331.7472073355646, 291.4586963935444, 334.6011872474949], "episode": [20.0, 40.0, 60.0, 80.0, 100.0, 120.0, 140.0, 160.0, 180.0, 200.0, 220.0, 240.0, 260.0, 280.0, 300.0, 320.0, 340.0, 360.0, 380.0, 400.0, 420.0, 440.0, 460.0, 480.0, 500.0]}}, "P": {"20": {"step": [10000.0, 20000.0, 30000.0, 40000.0, 50000.0, 60000.0, 70000.0, 80000.0, 90000.0, 100000.0, 110000.0, 120000.0, 130000.0, 140000.0, 150000.0, 160000.0, 170000.0, 180000.0, 190000.0, 200000.0, 210000.0, 220000.0, 230000.0, 240000.0, 250000.0], "episode_reward": [0.07949027341494676, 0.00010598812423492365, 0.0, 0.9888321284679875, 0.0, 1.1993316961845073, 2.3491785223528434, 0.6348725810601524, 0.0, 0.11316706613642909, 5.997998437481389e-05, 1.8168110857160258, 0.0, 2.368216751051223, 0.04233411546917566, 0.059161886108010577, 0.0, 0.0, 2.049179569620959, 0.23686377652514373, 0.29715875687127064, 0.0, 1.1724318927229624, 0.7561709432343326, 0.0004432659974282882], "episode": [20.0, 40.0, 60.0, 80.0, 100.0, 120.0, 140.0, 160.0, 180.0, 200.0, 220.0, 240.0, 260.0, 280.0, 300.0, 320.0, 340.0, 360.0, 380.0, 400.0, 420.0, 440.0, 460.0, 480.0, 500.0]}, "30": {"step": [10000.0, 20000.0, 30000.0, 40000.0, 50000.0, 60000.0, 70000.0, 80000.0, 90000.0, 100000.0, 110000.0, 120000.0, 130000.0, 140000.0, 150000.0, 160000.0, 170000.0, 180000.0, 190000.0, 200000.0, 210000.0, 220000.0, 230000.0, 240000.0, 250000.0], "episode_reward": [0.14541453371682778, 0.00020275939051773718, 0.26264561615558357, 0.592918110533041, 0.4552077656691533, 0.018798930795633682, 0.009875755748395786, 0.006351906256360196, 0.00030494243929317654, 0.46922717325450647, 1.4744711053391992, 0.0006885778719413315, 0.8495709489767791, 0.0, 0.0, 0.8887469524949392, 0.015618371283680554, 0.0006353048529944228, 0.06282465325367936, 1.2566720335068948, 1.8127351951385253, 2.7074521450480353, 0.6018733023532017, 1.0844951940694252, 0.001297221193190068], "episode": [20.0, 40.0, 60.0, 80.0, 100.0, 120.0, 140.0, 160.0, 180.0, 200.0, 220.0, 240.0, 260.0, 280.0, 300.0, 320.0, 340.0, 360.0, 380.0, 400.0, 420.0, 440.0, 460.0, 480.0, 500.0]}, "10": {"step": [10000.0, 20000.0, 30000.0, 40000.0, 50000.0, 60000.0, 70000.0, 80000.0, 90000.0, 100000.0, 110000.0, 120000.0, 130000.0, 140000.0, 150000.0, 160000.0, 170000.0, 180000.0, 190000.0, 200000.0, 210000.0, 220000.0, 230000.0, 240000.0, 250000.0], "episode_reward": [0.07760533378199772, 0.024110041932092808, 0.005586010326449353, 2.0889578123291956, 1.0083319572963092, 0.9866143746782768, 0.0017375036327409443, 1.5994488097679744, 1.4589982653282818, 0.3453077264838897, 0.21972239059999485, 2.3923126733104083, 1.1867395424837484, 0.7328100785733801, 2.0651377175107122e-05, 1.2255378984505154, 0.0023622786019100507, 2.2651511143200507, 0.8432563622891056, 1.0398784403109613, 12.78188314073719, 0.24000832442761463, 1.8602810793491744, 0.3342762777031436, 1.2701215381151003], "episode": [20.0, 40.0, 60.0, 80.0, 100.0, 120.0, 140.0, 160.0, 180.0, 200.0, 220.0, 240.0, 260.0, 280.0, 300.0, 320.0, 340.0, 360.0, 380.0, 400.0, 420.0, 440.0, 460.0, 480.0, 500.0]}}, "V": {"10": {"step": [10000.0, 20000.0, 30000.0, 40000.0, 50000.0, 60000.0, 70000.0, 80000.0, 90000.0, 100000.0, 110000.0, 120000.0, 130000.0, 140000.0, 150000.0, 160000.0, 170000.0, 180000.0, 190000.0, 200000.0, 210000.0, 220000.0, 230000.0, 240000.0, 250000.0], "episode_reward": [0.5878500229673337, 0.0, 0.001659469200582786, 1.733728199131973, 1.8640686595691462, 10.214933649603614, 13.146617661862384, 28.492042192732935, 100.87336052099344, 111.78926246647328, 112.88329983764909, 91.53361612807305, 88.15693872276276, 62.86373391780195, 52.24943712042136, 211.30908854479398, 229.0778089275913, 163.20386368614498, 236.94489525541084, 220.1424591776135, 240.05684669373414, 284.6239387933025, 298.24714536374665, 317.859492345243, 348.90109802804716], "episode": [20.0, 40.0, 60.0, 80.0, 100.0, 120.0, 140.0, 160.0, 180.0, 200.0, 220.0, 240.0, 260.0, 280.0, 300.0, 320.0, 340.0, 360.0, 380.0, 400.0, 420.0, 440.0, 460.0, 480.0, 500.0]}, "20": {"step": [10000.0, 20000.0, 30000.0, 40000.0, 50000.0, 60000.0, 70000.0, 80000.0, 90000.0, 100000.0, 110000.0, 120000.0, 130000.0, 140000.0, 150000.0, 160000.0, 170000.0, 180000.0, 190000.0, 200000.0, 210000.0, 220000.0, 230000.0, 240000.0, 250000.0], "episode_reward": [0.14573706969811948, 1.3828069559376701, 1.1497223045351537, 0.8325299043985771, 0.0, 1.1988396513210524, 3.8573526581928768, 7.132813031209844, 34.15995572614475, 27.234995839889216, 53.56231122344677, 73.29457395793818, 53.606421751417564, 105.14807199965507, 61.21942869111234, 91.01265349840298, 100.89966319417023, 72.72199215578651, 151.93276657251118, 145.17114055975128, 196.2440623911675, 219.23688256746996, 282.6035597508809, 308.0600207415199, 390.31978718243204], "episode": [20.0, 40.0, 60.0, 80.0, 100.0, 120.0, 140.0, 160.0, 180.0, 200.0, 220.0, 240.0, 260.0, 280.0, 300.0, 320.0, 340.0, 360.0, 380.0, 400.0, 420.0, 440.0, 460.0, 480.0, 500.0]}, "30": {"step": [10000.0, 20000.0, 30000.0, 40000.0, 50000.0, 60000.0, 70000.0, 80000.0, 90000.0, 100000.0, 110000.0, 120000.0, 130000.0, 140000.0, 150000.0, 160000.0, 170000.0, 180000.0, 190000.0, 200000.0, 210000.0, 220000.0, 230000.0, 240000.0, 250000.0],