{"10": {"step": [5000.0, 10000.0, 15000.0, 20000.0, 25000.0, 30000.0, 35000.0, 40000.0, 45000.0, 50000.0, 55000.0, 60000.0, 65000.0, 70000.0, 75000.0, 80000.0, 85000.0, 90000.0, 95000.0, 100000.0, 105000.0, 110000.0, 115000.0, 120000.0, 125000.0], "episode_reward": [58.18229156081351, 187.03860392674403, 316.44553447591085, 364.59489628350644, 392.4457846579434, 404.80801600691336, 327.5197160006979, 339.5809837309395, 253.36455583593929, 424.12612389229827, 324.7241317247648, 272.3135927956795, 515.4516106340736, 488.4752934563061, 523.0713608845896, 392.6091165996355, 354.4703555210229, 488.9538134841796, 488.12465296302815, 485.6721251389639, 427.661721201242, 494.1857477940108, 546.1048712977206, 399.72895216778124, 504.42920708940903], "episode": [20.0, 40.0, 60.0, 80.0, 100.0, 120.0, 140.0, 160.0, 180.0, 200.0, 220.0, 240.0, 260.0, 280.0, 300.0, 320.0, 340.0, 360.0, 380.0, 400.0, 420.0, 440.0, 460.0, 480.0, 500.0]}, "30": {"step": [5000.0, 10000.0, 15000.0, 20000.0, 25000.0, 30000.0, 35000.0, 40000.0, 45000.0, 50000.0, 55000.0, 60000.0, 65000.0, 70000.0, 75000.0, 80000.0, 85000.0, 90000.0, 95000.0, 100000.0, 105000.0, 110000.0, 115000.0, 120000.0, 125000.0], "episode_reward": [20.76694811486434, 216.70167282056704, 327.0290901926716, 393.8602289920778, 429.2253715023436, 386.0979336648068, 473.4445141424767, 427.31978631810244, 453.5999357118243, 386.50639820047155, 335.9248462484471, 417.35647238680457, 382.9751813741296, 473.3506585053004, 333.76568971893175, 468.45777809421554, 512.3271750875963, 444.79425034609966, 472.9551750888778, 488.78334546616, 394.56573740060855, 406.9766297805585, 448.49414260147097, 472.9612315254831, 522.6125003822042], "episode": [20.0, 40.0, 60.0, 80.0, 100.0, 120.0, 140.0, 160.0, 180.0, 200.0, 220.0, 240.0, 260.0, 280.0, 300.0, 320.0, 340.0, 360.0, 380.0, 400.0, 420.0, 440.0, 460.0, 480.0, 500.0]}, "20": {"step": [5000.0, 10000.0, 15000.0, 20000.0, 25000.0, 30000.0, 35000.0, 40000.0, 45000.0, 50000.0, 55000.0, 60000.0, 65000.0, 70000.0, 75000.0, 80000.0, 85000.0, 90000.0, 95000.0, 100000.0, 105000.0, 110000.0, 115000.0, 120000.0, 125000.0], "episode_reward": [43.976528234651234, 213.4097666702622, 276.5849006084597, 351.94467978378805, 395.1048719899501, 338.72795282156807, 468.89708955286426, 479.21355124170685, 480.7805906684499, 481.35752707891425, 521.60939498223, 535.0261108083107, 534.3502966018475, 540.313353555089, 500.8708739862506, 498.77663075361744, 544.5552520232056, 345.5041216585161, 352.8835824792682, 461.0308242864323, 440.22871993350674, 438.83743455856194, 492.5641885853882, 485.07812850186826, 377.4203488857323], "episode": [20.0, 40.0, 60.0, 80.0, 100.0, 120.0, 140.0, 160.0, 180.0, 200.0, 220.0, 240.0, 260.0, 280.0, 300.0, 320.0, 340.0, 360.0, 380.0, 400.0, 420.0, 440.0, 460.0, 480.0, 500.0]}}