{"30": {"step": [5000.0, 10000.0, 15000.0, 20000.0, 25000.0, 30000.0, 35000.0, 40000.0, 45000.0, 50000.0, 55000.0, 60000.0, 65000.0, 70000.0, 75000.0, 80000.0, 85000.0, 90000.0, 95000.0, 100000.0, 105000.0, 110000.0, 115000.0, 120000.0, 125000.0], "episode_reward": [49.76014721923706, 131.02852765176834, 216.41362480677543, 300.11650796537936, 341.723718995174, 326.95977320642083, 343.551398274325, 384.3879997564985, 381.2808135448364, 387.9484512180543, 337.7425725012479, 366.7167508474673, 365.3553614913717, 369.2286742888241, 382.15063553501005, 353.27518502868503, 372.8547041769855, 358.7287430699067, 384.9760086915088, 379.1509854012141, 379.85327499134513, 372.028798807621, 346.0707108441298, 394.25593741847626, 378.99178980181557], "episode": [20.0, 40.0, 60.0, 80.0, 100.0, 120.0, 140.0, 160.0, 180.0, 200.0, 220.0, 240.0, 260.0, 280.0, 300.0, 320.0, 340.0, 360.0, 380.0, 400.0, 420.0, 440.0, 460.0, 480.0, 500.0]}, "20": {"step": [5000.0, 10000.0, 15000.0, 20000.0, 25000.0, 30000.0, 35000.0, 40000.0, 45000.0, 50000.0, 55000.0, 60000.0, 65000.0, 70000.0, 75000.0, 80000.0, 85000.0, 90000.0, 95000.0, 100000.0, 105000.0, 110000.0, 115000.0, 120000.0, 125000.0], "episode_reward": [40.41722540381578, 163.5309900353184, 278.74134979283093, 316.1316647883048, 351.40262579070134, 354.4475399170827, 366.2496053636086, 369.084090389127, 347.5584394989811, 370.2054424758786, 376.0798390707713, 388.16351278907524, 386.85459358204145, 382.4324987475043, 374.3406982966691, 378.29698925342234, 384.46613389695693, 396.46177433379273, 397.36793165148373, 377.2652722332984, 386.4083254370148, 387.1699490257949, 391.65290447554116, 392.01946705986825, 375.0814600936456], "episode": [20.0, 40.0, 60.0, 80.0, 100.0, 120.0, 140.0, 160.0, 180.0, 200.0, 220.0, 240.0, 260.0, 280.0, 300.0, 320.0, 340.0, 360.0, 380.0, 400.0, 420.0, 440.0, 460.0, 480.0, 500.0]}, "10": {"step": [5000.0, 10000.0, 15000.0, 20000.0, 25000.0, 30000.0, 35000.0, 40000.0, 45000.0, 50000.0, 55000.0, 60000.0, 65000.0, 70000.0, 75000.0, 80000.0, 85000.0, 90000.0, 95000.0, 100000.0, 105000.0, 110000.0, 115000.0, 120000.0, 125000.0], "episode_reward": [73.95831409054414, 183.52873483134223, 279.1033308067545, 330.8169239807121, 359.16127117535086, 359.19378928654714, 344.22715815346487, 376.22415663745755, 355.0862774504777, 364.1875189627509, 357.7251849611465, 392.2137099136809, 335.7056989158838, 368.91140679386706, 416.9131405099709, 354.9653087736709, 360.13589135906795, 358.75067575186245, 378.7150065861282, 381.77292449513, 361.28023810133203, 354.1039245800024, 318.54014270046184, 399.71574230365366, 369.815527250598], "episode": [20.0, 40.0, 60.0, 80.0, 100.0, 120.0, 140.0, 160.0, 180.0, 200.0, 220.0, 240.0, 260.0, 280.0, 300.0, 320.0, 340.0, 360.0, 380.0, 400.0, 420.0, 440.0, 460.0, 480.0, 500.0]}}