{"10": {"step": [5000.0, 10000.0, 15000.0, 20000.0, 25000.0, 30000.0, 35000.0, 40000.0, 45000.0, 50000.0, 55000.0, 60000.0, 65000.0, 70000.0, 75000.0, 80000.0, 85000.0, 90000.0, 95000.0, 100000.0, 105000.0, 110000.0, 115000.0, 120000.0, 125000.0], "episode_reward": [32.64072788752924, 348.2674997268546, 411.62041192935095, 448.51373499526807, 632.1633528515449, 622.7302622286229, 419.4815487536771, 634.9218847838499, 825.1355607120422, 671.951688048641, 828.4154955143449, 790.6213654697355, 759.8570107404446, 857.5044304753941, 878.2201518663926, 775.6866048755596, 873.49205751866, 702.1847930557615, 717.0735245627236, 859.4233360894519, 891.1695513083785, 720.6492279612169, 844.8166862743665, 730.8272428320175, 886.2563152129194], "episode": [20.0, 40.0, 60.0, 80.0, 100.0, 120.0, 140.0, 160.0, 180.0, 200.0, 220.0, 240.0, 260.0, 280.0, 300.0, 320.0, 340.0, 360.0, 380.0, 400.0, 420.0, 440.0, 460.0, 480.0, 500.0]}, "20": {"step": [5000.0, 10000.0, 15000.0, 20000.0, 25000.0, 30000.0, 35000.0, 40000.0, 45000.0, 50000.0, 55000.0, 60000.0, 65000.0, 70000.0, 75000.0, 80000.0, 85000.0, 90000.0, 95000.0, 100000.0, 105000.0, 110000.0, 115000.0, 120000.0, 125000.0], "episode_reward": [106.26902585128605, 495.3416747698626, 594.0858277859522, 594.5752673406105, 633.4765644897408, 637.6229891097944, 751.4494737667736, 730.3101915590923, 720.810678055927, 682.404429317851, 783.3197840230897, 719.3613176523829, 709.3290342079406, 601.8919316954705, 690.8031705229172, 805.6353231819385, 820.7663683371251, 851.9244561711641, 875.2302881247226, 848.2781890765342, 802.9689903866968, 884.185856701058, 884.0771673010946, 843.3024932025716, 848.2345053188504], "episode": [20.0, 40.0, 60.0, 80.0, 100.0, 120.0, 140.0, 160.0, 180.0, 200.0, 220.0, 240.0, 260.0, 280.0, 300.0, 320.0, 340.0, 360.0, 380.0, 400.0, 420.0, 440.0, 460.0, 480.0, 500.0]}, "30": {"step": [5000.0, 10000.0, 15000.0, 20000.0, 25000.0, 30000.0, 35000.0, 40000.0, 45000.0, 50000.0, 55000.0, 60000.0, 65000.0, 70000.0, 75000.0, 80000.0, 85000.0, 90000.0, 95000.0, 100000.0, 105000.0, 110000.0, 115000.0, 120000.0, 125000.0], "episode_reward": [109.67734196406593, 479.11704718391576, 500.45103673490667, 459.21105251797223, 582.829158793516, 626.6216157042593, 546.6175799173103, 715.5999328611924, 635.8872325002703, 747.8868094049941, 734.6275222561804, 754.0990706838162, 740.561793866331, 831.1490595087864, 844.4750875098305, 860.8881612196672, 875.8804361155146, 822.1305221937686, 877.0120642438673, 854.2609711948091, 791.9285052112378, 874.5464578449028, 765.070792176233, 790.9515179343609, 878.5891895443223], "episode": [20.0, 40.0, 60.0, 80.0, 100.0, 120.0, 140.0, 160.0, 180.0, 200.0, 220.0, 240.0, 260.0, 280.0, 300.0, 320.0, 340.0, 360.0, 380.0, 400.0, 420.0, 440.0, 460.0, 480.0, 500.0]}}