{"10": {"step": [5000.0, 10000.0, 15000.0, 20000.0, 25000.0, 30000.0, 35000.0, 40000.0, 45000.0, 50000.0, 55000.0, 60000.0, 65000.0, 70000.0, 75000.0, 80000.0, 85000.0, 90000.0, 95000.0, 100000.0, 105000.0, 110000.0, 115000.0, 120000.0, 125000.0], "episode_reward": [15.597433356939808, 421.26143628598794, 459.35344122765264, 151.9977129645391, 626.5859912971357, 458.93825957699136, 684.3878127279957, 311.69385640108106, 746.2711700009438, 650.3756804831953, 350.55860744464246, 734.8917392576047, 751.4840829783291, 504.0555922925125, 774.2497170155038, 757.6406211674184, 651.1556382172813, 695.8370098284333, 699.9646586807891, 551.7721712529805, 657.288042007547, 692.396821574214, 681.2259674737633, 588.5000974083445, 765.5692766540432], "episode": [20.0, 40.0, 60.0, 80.0, 100.0, 120.0, 140.0, 160.0, 180.0, 200.0, 220.0, 240.0, 260.0, 280.0, 300.0, 320.0, 340.0, 360.0, 380.0, 400.0, 420.0, 440.0, 460.0, 480.0, 500.0]}, "20": {"step": [5000.0, 10000.0, 15000.0, 20000.0, 25000.0, 30000.0, 35000.0, 40000.0, 45000.0, 50000.0, 55000.0, 60000.0, 65000.0, 70000.0, 75000.0, 80000.0, 85000.0, 90000.0, 95000.0, 100000.0, 105000.0, 110000.0, 115000.0, 120000.0, 125000.0], "episode_reward": [92.85670243182915, 427.7327053961723, 466.35306946944337, 531.0537231998733, 603.09267443394, 452.5620774344093, 586.598514863799, 601.2606621466816, 286.7201425672297, 500.85783915319234, 656.4916325115086, 594.1424043699204, 593.3278296017428, 608.2744468012736, 654.5928839828854, 399.2564358811192, 556.337605627811, 739.5432939768228, 785.1655875391872, 754.6672643694395, 773.9175153318727, 706.1591169258522, 697.3050014005646, 767.3105320213149, 687.112166937553], "episode": [20.0, 40.0, 60.0, 80.0, 100.0, 120.0, 140.0, 160.0, 180.0, 200.0, 220.0, 240.0, 260.0, 280.0, 300.0, 320.0, 340.0, 360.0, 380.0, 400.0, 420.0, 440.0, 460.0, 480.0, 500.0]}, "30": {"step": [5000.0, 10000.0, 15000.0, 20000.0, 25000.0, 30000.0, 35000.0, 40000.0, 45000.0, 50000.0, 55000.0, 60000.0, 65000.0, 70000.0, 75000.0, 80000.0, 85000.0, 90000.0, 95000.0, 100000.0, 105000.0, 110000.0, 115000.0, 120000.0, 125000.0], "episode_reward": [105.36911592982074, 299.55620723022196, 451.03768795980903, 645.4621183596439, 486.07129084671715, 599.2149089274255, 622.633627646055, 319.64596349273245, 689.247588669317, 710.6399509415853, 522.1140299189519, 612.6317155484281, 487.3396242198223, 575.6752250416148, 767.8395754616789, 753.7572396706546, 574.2116163776604, 758.8614359028643, 796.0124830705854, 723.7179355539924, 547.4986683808232, 624.0060733200673, 694.2564589406692, 665.7758308686409, 771.2260466786722], "episode": [20.0, 40.0, 60.0, 80.0, 100.0, 120.0, 140.0, 160.0, 180.0, 200.0, 220.0, 240.0, 260.0, 280.0, 300.0, 320.0, 340.0, 360.0, 380.0, 400.0, 420.0, 440.0, 460.0, 480.0, 500.0]}}