{"20": {"step": [5000.0, 10000.0, 15000.0, 20000.0, 25000.0, 30000.0, 35000.0, 40000.0, 45000.0, 50000.0, 55000.0, 60000.0, 65000.0, 70000.0, 75000.0, 80000.0, 85000.0, 90000.0, 95000.0, 100000.0, 105000.0, 110000.0, 115000.0, 120000.0, 125000.0], "episode_reward": [34.27904388946049, 8.912194879735743, 464.5790664232991, 272.38455107181073, 867.8992906755923, 533.0753157492938, 961.3315438777029, 887.754871039145, 920.1858235964479, 863.1242615256658, 922.346850998938, 948.9576752132722, 921.4669748190529, 955.6085286574942, 934.831453897939, 973.0288778908309, 950.3537356219983, 949.9747229408874, 939.6714738801718, 954.9638863935519, 938.4706626772224, 958.6021985587113, 947.842601795106, 957.6046714477385, 950.5895988162125], "episode": [20.0, 40.0, 60.0, 80.0, 100.0, 120.0, 140.0, 160.0, 180.0, 200.0, 220.0, 240.0, 260.0, 280.0, 300.0, 320.0, 340.0, 360.0, 380.0, 400.0, 420.0, 440.0, 460.0, 480.0, 500.0]}, "10": {"step": [5000.0, 10000.0, 15000.0, 20000.0, 25000.0, 30000.0, 35000.0, 40000.0, 45000.0, 50000.0, 55000.0, 60000.0, 65000.0, 70000.0, 75000.0, 80000.0, 85000.0, 90000.0, 95000.0, 100000.0, 105000.0, 110000.0, 115000.0, 120000.0, 125000.0], "episode_reward": [115.36035742265418, 35.62026447244598, 25.866550134528143, 87.76760066573567, 263.58058742250836, 558.5376404346772, 77.53767575642757, 787.2813500214143, 390.2433771301118, 556.0303417866846, 889.4598695755274, 866.2849138509761, 898.0871305160557, 913.1108230621758, 938.159891285373, 926.3271311487202, 912.2250355236508, 946.6269177775066, 945.2778614444684, 931.9558552045158, 927.8412582384033, 928.330845748444, 955.9556276206991, 962.1993951522688, 956.827862744573], "episode": [20.0, 40.0, 60.0, 80.0, 100.0, 120.0, 140.0, 160.0, 180.0, 200.0, 220.0, 240.0, 260.0, 280.0, 300.0, 320.0, 340.0, 360.0, 380.0, 400.0, 420.0, 440.0, 460.0, 480.0, 500.0]}, "30": {"step": [5000.0, 10000.0, 15000.0, 20000.0, 25000.0, 30000.0, 35000.0, 40000.0, 45000.0, 50000.0, 55000.0, 60000.0, 65000.0, 70000.0, 75000.0, 80000.0, 85000.0, 90000.0, 95000.0, 100000.0, 105000.0, 110000.0, 115000.0, 120000.0, 125000.0], "episode_reward": [34.26734878776101, 169.70570349342057, 247.89867720282754, 389.1530814670054, 334.0090785141268, 512.0775744200846, 697.0550867325087, 847.5303372742216, 904.1732321723518, 906.1973590048452, 933.6265231412766, 885.9125843133681, 918.3237864839864, 952.8862007307071, 945.0235057451486, 944.1744252825067, 941.9117666477647, 931.2631470282446, 916.5524198428599, 927.1332072174282, 956.8429471240155, 919.3363462434287, 930.6180378036186, 897.2956217281201, 962.7401937031962], "episode": [20.0, 40.0, 60.0, 80.0, 100.0, 120.0, 140.0, 160.0, 180.0, 200.0, 220.0, 240.0, 260.0, 280.0, 300.0, 320.0, 340.0, 360.0, 380.0, 400.0, 420.0, 440.0, 460.0, 480.0, 500.0]}}