{"30": {"step": [5000.0, 10000.0, 15000.0, 20000.0, 25000.0, 30000.0, 35000.0, 40000.0, 45000.0, 50000.0, 55000.0, 60000.0, 65000.0, 70000.0, 75000.0, 80000.0, 85000.0, 90000.0, 95000.0, 100000.0, 105000.0, 110000.0, 115000.0, 120000.0, 125000.0], "episode_reward": [34.20554491557233, 107.14767229692806, 73.63413008663068, 83.01428891469757, 249.21089587371185, 149.1881991071367, 270.8966198053518, 422.32791036863694, 596.5117811424755, 520.2283279745945, 636.0126759667942, 330.241848349368, 490.0366802391307, 658.7371719332152, 468.3874354248681, 611.2844915133339, 433.24216343765266, 433.591172019764, 347.54573690454765, 425.1524392744103, 441.5443371364252, 305.0279496302177, 442.8198142266764, 461.9876906634413, 601.1845081985641], "episode": [20.0, 40.0, 60.0, 80.0, 100.0, 120.0, 140.0, 160.0, 180.0, 200.0, 220.0, 240.0, 260.0, 280.0, 300.0, 320.0, 340.0, 360.0, 380.0, 400.0, 420.0, 440.0, 460.0, 480.0, 500.0]}, "10": {"step": [5000.0, 10000.0, 15000.0, 20000.0, 25000.0, 30000.0, 35000.0, 40000.0, 45000.0, 50000.0, 55000.0, 60000.0, 65000.0, 70000.0, 75000.0, 80000.0, 85000.0, 90000.0, 95000.0, 100000.0, 105000.0, 110000.0, 115000.0, 120000.0, 125000.0], "episode_reward": [37.52943249193145, 26.49034617102287, 68.66912159377748, 117.21021263865232, 329.62111763242666, 328.04057750532485, 345.16786088804986, 319.1757816946997, 355.34584066915363, 328.18107807352857, 352.6698596457054, 667.4261299256265, 896.7800279177327, 734.608522469157, 862.8786111794595, 927.1092059490045, 909.5188817451617, 901.6729613612258, 883.4334110993925, 893.3603209131859, 863.0745369853923, 918.7868437035568, 927.7203419279136, 951.2271720954507, 895.9959400570178], "episode": [20.0, 40.0, 60.0, 80.0, 100.0, 120.0, 140.0, 160.0, 180.0, 200.0, 220.0, 240.0, 260.0, 280.0, 300.0, 320.0, 340.0, 360.0, 380.0, 400.0, 420.0, 440.0, 460.0, 480.0, 500.0]}, "20": {"step": [5000.0, 10000.0, 15000.0, 20000.0, 25000.0, 30000.0, 35000.0, 40000.0, 45000.0, 50000.0, 55000.0, 60000.0, 65000.0, 70000.0, 75000.0, 80000.0, 85000.0, 90000.0, 95000.0, 100000.0, 105000.0, 110000.0, 115000.0, 120000.0, 125000.0], "episode_reward": [23.129516074437465, 27.140441057291433, 49.05165358849693, 58.52830024285019, 72.90586228536124, 79.88065764530242, 165.45919178409645, 173.04869652861126, 196.41074027485527, 293.2074156319009, 322.28097529306723, 278.6505014689779, 292.10935082022763, 280.4643337909812, 301.5855316244015, 330.24027095449844, 345.91966883247176, 334.8864691339387, 308.9353815404731, 377.2629740807805, 769.0597916218685, 866.2229647852979, 936.9662301008015, 909.8077030883196, 924.2118631725505], "episode": [20.0, 40.0, 60.0, 80.0, 100.0, 120.0, 140.0, 160.0, 180.0, 200.0, 220.0, 240.0, 260.0, 280.0, 300.0, 320.0, 340.0, 360.0, 380.0, 400.0, 420.0, 440.0, 460.0, 480.0, 500.0]}}