{"30": {"step": [5000.0, 10000.0, 15000.0, 20000.0, 25000.0, 30000.0, 35000.0, 40000.0, 45000.0, 50000.0, 55000.0, 60000.0, 65000.0, 70000.0, 75000.0, 80000.0, 85000.0, 90000.0, 95000.0, 100000.0, 105000.0, 110000.0, 115000.0, 120000.0, 125000.0], "episode_reward": [96.89547257718594, 114.17766804005494, 39.91605839502346, 108.46638829949593, 210.2455279423575, 135.56145309450403, 188.78947652168523, 37.487159141835846, 29.96700753921171, 24.5381860923315, 34.28846556308423, 27.765566402747208, 36.575173357641674, 24.29339770954819, 23.99944629221176, 21.26663991483715, 18.056433033777928, 21.757423371458337, 19.952716140060843, 15.043838673197836, 18.098123480847097, 15.144477654823362, 99.14253497229123, 113.66087430271087, 563.4627179104208], "episode": [20.0, 40.0, 60.0, 80.0, 100.0, 120.0, 140.0, 160.0, 180.0, 200.0, 220.0, 240.0, 260.0, 280.0, 300.0, 320.0, 340.0, 360.0, 380.0, 400.0, 420.0, 440.0, 460.0, 480.0, 500.0]}, "10": {"step": [5000.0, 10000.0, 15000.0, 20000.0, 25000.0, 30000.0, 35000.0, 40000.0, 45000.0, 50000.0, 55000.0, 60000.0, 65000.0, 70000.0, 75000.0, 80000.0, 85000.0, 90000.0, 95000.0, 100000.0, 105000.0, 110000.0, 115000.0, 120000.0, 125000.0], "episode_reward": [121.0553571369197, 99.7690431980432, 96.29887729248073, 51.44439354392559, 117.08470190143498, 53.30847149365769, 19.475268958440996, 237.45773529350845, 17.63497540917182, 50.919771515988, 44.533991917997646, 57.34001614626229, 203.52023701272282, 62.92676464008083, 50.69908011756794, 96.57265305497846, 63.990258313143066, 85.84576692696702, 77.08752685021678, 126.62938642875137, 149.9307786272819, 128.02503125847886, 182.29730506171907, 385.39605246028964, 250.3348087123831], "episode": [20.0, 40.0, 60.0, 80.0, 100.0, 120.0, 140.0, 160.0, 180.0, 200.0, 220.0, 240.0, 260.0, 280.0, 300.0, 320.0, 340.0, 360.0, 380.0, 400.0, 420.0, 440.0, 460.0, 480.0, 500.0]}, "20": {"step": [5000.0, 10000.0, 15000.0, 20000.0, 25000.0, 30000.0, 35000.0, 40000.0, 45000.0, 50000.0, 55000.0, 60000.0, 65000.0, 70000.0, 75000.0, 80000.0, 85000.0, 90000.0, 95000.0, 100000.0, 105000.0, 110000.0, 115000.0, 120000.0, 125000.0], "episode_reward": [27.186449262002775, 16.66246571779284, 20.4421069422161, 69.62145315717407, 38.09727620787491, 16.04713094191975, 417.66192717952345, 13.915324158040836, 29.197138243212766, 38.570330767249374, 16.656312819467047, 21.15102747535162, 31.979650256721108, 49.97114259340405, 271.6971568879424, 288.97614734037336, 292.9491280611933, 184.89631842667546, 89.9579120412364, 108.20349689038133, 191.16268572663873, 253.35891928689657, 303.49493070673697, 232.88905784064758, 143.40492735753804], "episode": [20.0, 40.0, 60.0, 80.0, 100.0, 120.0, 140.0, 160.0, 180.0, 200.0, 220.0, 240.0, 260.0, 280.0, 300.0, 320.0, 340.0, 360.0, 380.0, 400.0, 420.0, 440.0, 460.0, 480.0, 500.0]}}