{"30": {"step": [5000.0, 10000.0, 15000.0, 20000.0, 25000.0, 30000.0, 35000.0, 40000.0, 45000.0, 50000.0, 55000.0, 60000.0, 65000.0, 70000.0, 75000.0, 80000.0, 85000.0, 90000.0, 95000.0, 100000.0, 105000.0, 110000.0, 115000.0, 120000.0, 125000.0], "episode_reward": [25.591701982404587, 29.088200840449808, 67.9264086951548, 157.6473554656066, 156.6479084787813, 144.8295743111217, 178.9458649570538, 286.5247674355657, 407.59352696622204, 304.7998755566513, 268.45400812720237, 214.5449100980837, 264.0380108895786, 236.63991755114313, 274.16601181757363, 401.2814222821008, 345.41418882016103, 287.4638058510686, 291.51829988341575, 255.9738359061092, 362.95556481799537, 250.29632996640748, 177.13508734172808, 314.2178931125259, 333.1139616000634], "episode": [20.0, 40.0, 60.0, 80.0, 100.0, 120.0, 140.0, 160.0, 180.0, 200.0, 220.0, 240.0, 260.0, 280.0, 300.0, 320.0, 340.0, 360.0, 380.0, 400.0, 420.0, 440.0, 460.0, 480.0, 500.0]}, "20": {"step": [5000.0, 10000.0, 15000.0, 20000.0, 25000.0, 30000.0, 35000.0, 40000.0, 45000.0, 50000.0, 55000.0, 60000.0, 65000.0, 70000.0, 75000.0, 80000.0, 85000.0, 90000.0, 95000.0, 100000.0, 105000.0, 110000.0, 115000.0, 120000.0, 125000.0], "episode_reward": [15.834403180237393, 34.47822487697005, 78.20827453964195, 66.62946230897538, 128.2230995692544, 144.73153297328503, 302.67566502515933, 188.7216758566546, 81.15860914525602, 272.5572244223289, 192.21210817118637, 202.4558552924313, 174.96458592823865, 277.78038134362185, 263.0688817678625, 293.89123738077694, 258.27033556449356, 273.4365964376026, 246.26828362688167, 213.25875241631425, 259.4302205066694, 296.90172295791206, 282.9436785469652, 269.0205755269467, 258.31515253321555], "episode": [20.0, 40.0, 60.0, 80.0, 100.0, 120.0, 140.0, 160.0, 180.0, 200.0, 220.0, 240.0, 260.0, 280.0, 300.0, 320.0, 340.0, 360.0, 380.0, 400.0, 420.0, 440.0, 460.0, 480.0, 500.0]}, "10": {"step": [5000.0, 10000.0, 15000.0, 20000.0, 25000.0, 30000.0, 35000.0, 40000.0, 45000.0, 50000.0, 55000.0, 60000.0, 65000.0, 70000.0, 75000.0, 80000.0, 85000.0, 90000.0, 95000.0, 100000.0, 105000.0, 110000.0, 115000.0, 120000.0, 125000.0], "episode_reward": [39.143569074904065, 39.657100552372604, 56.330601667714845, 101.41481924678263, 95.99209959716515, 175.60762796947807, 162.47276065787355, 161.69330795623972, 199.3028195579033, 223.6962801263071, 207.0209605518131, 203.19945610832565, 239.42083688136955, 227.2660612677113, 239.57526952954882, 241.8084853741067, 276.24374292616346, 249.75678664251387, 273.41926013112396, 275.5310818641252, 250.2229220180805, 205.81509925187962, 267.9852729341779, 242.3301577707175, 238.05230345241884], "episode": [20.0, 40.0, 60.0, 80.0, 100.0, 120.0, 140.0, 160.0, 180.0, 200.0, 220.0, 240.0, 260.0, 280.0, 300.0, 320.0, 340.0, 360.0, 380.0, 400.0, 420.0, 440.0, 460.0, 480.0, 500.0]}}